"usgs_id","lat","lon","start_year","name"
"01305000",40.83016667,-72.90613889,"1942.0","carman_river"
"01304500",40.91369444,-72.6869444,"1942.0","peconic_river"
"01303500",40.85716667,-73.4635556,"1950.0","cold_spring"
"01311500",40.66380556,-73.70452778,"1954.0","valley_stream"
"01350000",42.3194444,-74.436667,"1902.0","schoharie_creek"
"01420500",41.94641667,-74.9796667,"1913.0","beaver_kill"
"01512500",42.2180556,-75.848139,"1912.0","chenango_river"
"01503000",42.03555556,-75.80227778,"1913.0","susquehanna_river"
"01510000",42.5411111,-75.8997222,"1938.0","otselic_river"
"04243500",43.09755556,-75.6394167,"1949.0","oneida_creek"
"04269000",44.8637222,-74.7786944,"1910.0","stregis_river"
"04256000",43.74680556,-75.3334444,"1942.0","indepen_river"
"01312000",43.96602778,-74.13138889,"1925.0","hudson_river"
"04270200",44.94,-74.5569444,"1957.0","little_salmon"
"04215500",42.82952778,-78.7750278,"1940.0","cazenovia_creek"
"04217000",42.99713889,-78.1881667,"1944.0","tonawanda_creek"
"04231000",43.10055556,-77.8822222,"1945.0","black_creek"
"04214500",42.8546111,-78.7564167,"1938.0","buffalo_creek"
"04250750",43.81369444,-76.0744444,"1957.0","sandy_creek"
"04234000",42.4533333,-76.47277778,"1925.0","fall_creek"
"04233255",42.39305556,-76.545,"1937.0","cayuga_inlet"
"04237496",43.15694444,-76.3316667,"1949.0","seneca_river"
"04227000",42.73605556,-77.8414167,"1958.0","cana_creek"
"03011020",42.1568333,-78.7155556,"1903.0","allegheny_river"
"01529500",42.2525,-77.2166667,"1918.0","cohocton_river"
"USGS-422445077203301",42.4124722,-77.34227778,"1965","Sb-472_Kanona"
"USGS-430056075354102",43.0158611,-75.59438889,"1965","M-178_ValleyMills"
"USGS-420530078445201",42.0918333,-78.7475278,"1950","Ct-121_RedHouse"
"USGS-420326079295801",42.05744444,-79.4991944,"1949","Cu-5_Panama"
"USGS-414737073563301",41.79413889,-73.9418056,"1948","Du-321_HydePark"
"USGS-405104073375201",40.85105556,-73.63077778,"1940","N11521_Nassau"
"USGS-404043073413108",40.67875,-73.6915833,"1941","N71_Nassau"
"USGS-433112075091501",43.5203333,-75.1539722,"1926","Oe-151_Woodgate"
"USGS-424136075025101",42.6923611,-75.0481111,"1953","Og-23_Hartwick"
"USGS-411802073593001",41.3006494,-73.9912515,"1949","Ro-18_BearMtn"
"USGS-430327073475401",43.0576111,-73.79752778,"1949","Sa-529_Saratoga"
"USGS-444904074455201",44.81780556,-74.76413889,"1953","St-40_BrasherFalls"
"USGS-405149072532201",40.8637097,-72.8889921,"1948","S55171_Suffolk"
"USGS-404812073004101",40.8033611,-73.0108056,"1942","S35211_Suffolk"
